Group,TypeCounts,Objectives,StateCounts
Non-Dominated,{'Minimal': 5},"[-0.0, -5.0, -5.0, 162.0, 0.0]","{<RobotState.ACTIVE: (0, 'green')>: 5}"
Non-Dominated,{'Minimal': 5},"[-0.0, -5.0, -5.0, 112.0, 33.60555127546399]","{<RobotState.ACTIVE: (0, 'green')>: 2, <RobotState.DEFECTIVE: (2, 'purple')>: 3}"
Non-Dominated,"{'Dragon': 10, 'TWDH': 1}","[-22.0, -25.0, -33.0, 620.0, 54.27808959606491]","{<RobotState.DEFECTIVE: (2, 'purple')>: 6, <RobotState.ACTIVE: (0, 'green')>: 5}"
Non-Dominated,"{'QWSH': 5, 'TWSH': 1}","[-28.0, -12.0, -18.0, 644.0, 95.45181006496577]","{<RobotState.DEFECTIVE: (2, 'purple')>: 5, <RobotState.ACTIVE: (0, 'green')>: 1}"
Non-Dominated,"{'TWDH': 6, 'Dragon': 2, 'Minimal': 1}","[-16.0, -35.0, -25.0, 770.0, 96.54075625056542]","{<RobotState.DEFECTIVE: (2, 'purple')>: 6, <RobotState.ACTIVE: (0, 'green')>: 3}"
Non-Dominated,"{'TWDH': 6, 'Dragon': 2, 'Minimal': 1}","[-16.0, -35.0, -25.0, 770.0, 96.54075625056542]","{<RobotState.DEFECTIVE: (2, 'purple')>: 6, <RobotState.ACTIVE: (0, 'green')>: 3}"
Non-Dominated,"{'TWDH': 3, 'Dragon': 1, 'QWDH': 2}","[-16.0, -27.0, -18.0, 592.0, 393.951080954736]","{<RobotState.DEFECTIVE: (2, 'purple')>: 5, <RobotState.ACTIVE: (0, 'green')>: 1}"
Non-Dominated,"{'Minimal': 3, 'Dragon': 2}","[-4.0, -7.0, -9.0, 161.0, 10.0]","{<RobotState.ACTIVE: (0, 'green')>: 3, <RobotState.DEFECTIVE: (2, 'purple')>: 2}"
Non-Dominated,"{'Minimal': 2, 'Dragon': 3}","[-6.0, -8.0, -11.0, 179.0, 15.0]","{<RobotState.ACTIVE: (0, 'green')>: 2, <RobotState.DEFECTIVE: (2, 'purple')>: 3}"
Non-Dominated,"{'Minimal': 4, 'Dragon': 1}","[-2.0, -6.0, -7.0, 147.0, 5.0]","{<RobotState.ACTIVE: (0, 'green')>: 4, <RobotState.DEFECTIVE: (2, 'purple')>: 1}"
Non-Dominated,"{'QWDH': 3, 'TWDH': 2}","[-16.0, -25.0, -15.0, 562.0, 235.66245817361522]","{<RobotState.DEFECTIVE: (2, 'purple')>: 4, <RobotState.ACTIVE: (0, 'green')>: 1}"
Non-Dominated,"{'Minimal': 4, 'Dragon': 1}","[-2.0, -6.0, -7.0, 128.0, 37.071067811865476]","{<RobotState.DEFECTIVE: (2, 'purple')>: 3, <RobotState.ACTIVE: (0, 'green')>: 2}"
Non-Dominated,"{'TWDH': 5, 'Minimal': 2}","[-10.0, -27.0, -17.0, 526.0, 369.1288821903654]","{<RobotState.DEFECTIVE: (2, 'purple')>: 6, <RobotState.ACTIVE: (0, 'green')>: 1}"
Non-Dominated,"{'Minimal': 4, 'TWDH': 1}","[-2.0, -9.0, -7.0, 188.0, 23.601470508735446]","{<RobotState.ACTIVE: (0, 'green')>: 3, <RobotState.DEFECTIVE: (2, 'purple')>: 2}"
Non-Dominated,"{'Minimal': 3, 'TWDH': 2}","[-4.0, -13.0, -9.0, 268.0, 33.601470508735446]","{<RobotState.ACTIVE: (0, 'green')>: 1, <RobotState.DEFECTIVE: (2, 'purple')>: 4}"
Non-Dominated,"{'Dragon': 4, 'TWDH': 5}","[-18.0, -33.0, -27.0, 721.0, 265.8399959973132]","{<RobotState.DEFECTIVE: (2, 'purple')>: 8, <RobotState.ACTIVE: (0, 'green')>: 1}"
Non-Dominated,"{'TWDH': 3, 'Minimal': 2, 'Dragon': 1, 'TWSH': 1}","[-11.0, -21.0, -17.0, 472.0, 241.7514043592149]","{<RobotState.DEFECTIVE: (2, 'purple')>: 4, <RobotState.ACTIVE: (0, 'green')>: 3}"
Non-Dominated,"{'Dragon': 8, 'TWDH': 2, 'Minimal': 1}","[-20.0, -27.0, -31.0, 659.0, 60.986293528564275]","{<RobotState.DEFECTIVE: (2, 'purple')>: 5, <RobotState.ACTIVE: (0, 'green')>: 6}"
Non-Dominated,"{'Dragon': 6, 'TWSH': 1, 'QWSH': 1, 'QWDH': 1}","[-24.0, -21.0, -27.0, 630.0, 148.85451145852878]","{<RobotState.DEFECTIVE: (2, 'purple')>: 8, <RobotState.ACTIVE: (0, 'green')>: 1}"
Non-Dominated,"{'TWDH': 3, 'Minimal': 4}","[-6.0, -19.0, -13.0, 429.0, 140.73343484991076]","{<RobotState.DEFECTIVE: (2, 'purple')>: 5, <RobotState.ACTIVE: (0, 'green')>: 2}"
Non-Dominated,"{'TWDH': 3, 'Minimal': 3, 'Dragon': 1}","[-8.0, -20.0, -15.0, 436.0, 300.34234903789337]","{<RobotState.DEFECTIVE: (2, 'purple')>: 5, <RobotState.ACTIVE: (0, 'green')>: 2}"
Non-Dominated,"{'QWSH': 3, 'Minimal': 3}","[-15.0, -9.0, -12.0, 427.0, 41.70820393249937]","{<RobotState.DEFECTIVE: (2, 'purple')>: 3, <RobotState.ACTIVE: (0, 'green')>: 3}"
Non-Dominated,"{'Minimal': 3, 'TWDH': 1, 'QWDH': 1}","[-6.0, -13.0, -9.0, 300.0, 23.601470508735446]","{<RobotState.ACTIVE: (0, 'green')>: 3, <RobotState.DEFECTIVE: (2, 'purple')>: 2}"
Non-Dominated,"{'TWDH': 6, 'Dragon': 1, 'Minimal': 2}","[-14.0, -34.0, -23.0, 735.0, 171.03823093362377]","{<RobotState.DEFECTIVE: (2, 'purple')>: 8, <RobotState.ACTIVE: (0, 'green')>: 1}"
Non-Dominated,"{'Dragon': 2, 'QWSH': 4, 'TWSH': 1}","[-27.0, -14.0, -21.0, 627.0, 167.85769209990752]","{<RobotState.DEFECTIVE: (2, 'purple')>: 6, <RobotState.ACTIVE: (0, 'green')>: 1}"
Non-Dominated,"{'TWDH': 6, 'Minimal': 2}","[-12.0, -32.0, -20.0, 667.0, 211.38818593234743]","{<RobotState.DEFECTIVE: (2, 'purple')>: 5, <RobotState.ACTIVE: (0, 'green')>: 3}"
Non-Dominated,"{'TWDH': 4, 'Minimal': 4}","[-8.0, -24.0, -16.0, 511.0, 205.31711812048198]","{<RobotState.DEFECTIVE: (2, 'purple')>: 5, <RobotState.ACTIVE: (0, 'green')>: 3}"
Non-Dominated,"{'TWDH': 4, 'Minimal': 3}","[-8.0, -23.0, -15.0, 457.0, 330.8370861228648]","{<RobotState.DEFECTIVE: (2, 'purple')>: 5, <RobotState.ACTIVE: (0, 'green')>: 2}"
Non-Dominated,"{'Minimal': 4, 'QWDH': 1}","[-4.0, -9.0, -7.0, 202.0, 33.60555127546399]","{<RobotState.ACTIVE: (0, 'green')>: 2, <RobotState.DEFECTIVE: (2, 'purple')>: 3}"
Non-Dominated,"{'Dragon': 4, 'QWSH': 1, 'TWDH': 1, 'QWDH': 2}","[-23.0, -25.0, -24.0, 689.0, 134.29462480115734]","{<RobotState.ACTIVE: (0, 'green')>: 2, <RobotState.DEFECTIVE: (2, 'purple')>: 6}"
Non-Dominated,"{'Dragon': 8, 'TWDH': 1, 'QWDH': 1}","[-22.0, -26.0, -30.0, 654.0, 111.48103061353581]","{<RobotState.DEFECTIVE: (2, 'purple')>: 6, <RobotState.ACTIVE: (0, 'green')>: 4}"
Non-Dominated,"{'Dragon': 2, 'QWSH': 3, 'TWSH': 1, 'QWDH': 1}","[-26.0, -17.0, -21.0, 647.0, 177.85769209990752]","{<RobotState.DEFECTIVE: (2, 'purple')>: 6, <RobotState.ACTIVE: (0, 'green')>: 1}"
Non-Dominated,"{'Dragon': 8, 'TWDH': 1, 'Minimal': 1}","[-18.0, -22.0, -28.0, 538.0, 64.0930269523282]","{<RobotState.DEFECTIVE: (2, 'purple')>: 8, <RobotState.ACTIVE: (0, 'green')>: 2}"
Non-Dominated,"{'TWDH': 4, 'Dragon': 2, 'QWDH': 1, 'TWSH': 1}","[-19.0, -31.0, -24.0, 751.0, 249.80284863098055]","{<RobotState.DEFECTIVE: (2, 'purple')>: 6, <RobotState.ACTIVE: (0, 'green')>: 2}"
Non-Dominated,"{'QWDH': 5, 'TWDH': 1}","[-22.0, -30.0, -18.0, 731.0, 109.34507664120184]","{<RobotState.DEFECTIVE: (2, 'purple')>: 5, <RobotState.ACTIVE: (0, 'green')>: 1}"
Non-Dominated,"{'TWDH': 3, 'Dragon': 1, 'QWDH': 3}","[-20.0, -32.0, -21.0, 758.0, 142.39109580679576]","{<RobotState.DEFECTIVE: (2, 'purple')>: 5, <RobotState.ACTIVE: (0, 'green')>: 2}"
Non-Dominated,"{'QWSH': 4, 'TWSH': 1, 'Minimal': 1}","[-23.0, -11.0, -16.0, 609.0, 81.85033955623032]","{<RobotState.DEFECTIVE: (2, 'purple')>: 5, <RobotState.ACTIVE: (0, 'green')>: 1}"
Non-Dominated,"{'TWDH': 5, 'Dragon': 2, 'QWDH': 1}","[-18.0, -34.0, -24.0, 765.0, 97.18197313792786]","{<RobotState.ACTIVE: (0, 'green')>: 4, <RobotState.DEFECTIVE: (2, 'purple')>: 4}"
Non-Dominated,"{'QWSH': 4, 'TWDH': 1, 'QWDH': 1}","[-26.0, -18.0, -18.0, 676.0, 161.73025420853205]","{<RobotState.DEFECTIVE: (2, 'purple')>: 4, <RobotState.ACTIVE: (0, 'green')>: 2}"
Non-Dominated,"{'TWDH': 4, 'Minimal': 2, 'QWDH': 1}","[-12.0, -27.0, -17.0, 577.0, 314.537937511687]","{<RobotState.DEFECTIVE: (2, 'purple')>: 5, <RobotState.ACTIVE: (0, 'green')>: 2}"
Non-Dominated,"{'Dragon': 5, 'TWDH': 4, 'Minimal': 1}","[-18.0, -31.0, -28.0, 713.0, 171.57642186246386]","{<RobotState.DEFECTIVE: (2, 'purple')>: 9, <RobotState.ACTIVE: (0, 'green')>: 1}"
Non-Dominated,{'Dragon': 11},"[-22.0, -22.0, -33.0, 595.0, 99.89017707042724]","{<RobotState.DEFECTIVE: (2, 'purple')>: 7, <RobotState.ACTIVE: (0, 'green')>: 4}"
Non-Dominated,"{'TWDH': 4, 'Dragon': 1, 'Minimal': 2, 'TWSH': 1}","[-13.0, -26.0, -20.0, 598.0, 79.46968843869995]","{<RobotState.DEFECTIVE: (2, 'purple')>: 5, <RobotState.ACTIVE: (0, 'green')>: 3}"
Non-Dominated,"{'TWDH': 6, 'Minimal': 1}","[-12.0, -31.0, -19.0, 638.0, 91.54075625056542]","{<RobotState.DEFECTIVE: (2, 'purple')>: 5, <RobotState.ACTIVE: (0, 'green')>: 2}"
Non-Dominated,"{'TWDH': 2, 'Minimal': 5}","[-4.0, -15.0, -11.0, 338.0, 155.73343484991076]","{<RobotState.DEFECTIVE: (2, 'purple')>: 6, <RobotState.ACTIVE: (0, 'green')>: 1}"
Non-Dominated,"{'Dragon': 5, 'TWSH': 1, 'QWSH': 1, 'QWDH': 1}","[-22.0, -19.0, -24.0, 556.0, 93.72989966103069]","{<RobotState.DEFECTIVE: (2, 'purple')>: 7, <RobotState.ACTIVE: (0, 'green')>: 1}"
Non-Dominated,"{'TWDH': 3, 'Dragon': 2, 'QWDH': 1, 'TWSH': 2}","[-20.0, -28.0, -24.0, 751.0, 174.59255506983243]","{<RobotState.DEFECTIVE: (2, 'purple')>: 7, <RobotState.ACTIVE: (0, 'green')>: 1}"
Non-Dominated,{'Dragon': 5},"[-10.0, -10.0, -15.0, 246.0, 35.0]","{<RobotState.ACTIVE: (0, 'green')>: 1, <RobotState.DEFECTIVE: (2, 'purple')>: 4}"
Non-Dominated,"{'QWDH': 4, 'TWDH': 1, 'TWSH': 1}","[-21.0, -27.0, -18.0, 706.0, 102.27400882933637]","{<RobotState.DEFECTIVE: (2, 'purple')>: 5, <RobotState.ACTIVE: (0, 'green')>: 1}"
Non-Dominated,"{'Dragon': 6, 'Minimal': 2, 'QWSH': 1}","[-17.0, -16.0, -23.0, 455.0, 146.55945096907848]","{<RobotState.DEFECTIVE: (2, 'purple')>: 8, <RobotState.ACTIVE: (0, 'green')>: 1}"
Non-Dominated,"{'QWSH': 3, 'TWDH': 1, 'QWDH': 2}","[-25.0, -21.0, -18.0, 697.0, 171.57911201032815]","{<RobotState.DEFECTIVE: (2, 'purple')>: 5, <RobotState.ACTIVE: (0, 'green')>: 1}"
Non-Dominated,"{'QWSH': 2, 'Minimal': 3, 'TWSH': 1}","[-13.0, -9.0, -12.0, 400.0, 36.70820393249937]","{<RobotState.DEFECTIVE: (2, 'purple')>: 2, <RobotState.ACTIVE: (0, 'green')>: 4}"
Non-Dominated,"{'Dragon': 1, 'QWSH': 3, 'TWSH': 2}","[-23.0, -12.0, -18.0, 545.0, 117.41614445306732]","{<RobotState.DEFECTIVE: (2, 'purple')>: 5, <RobotState.ACTIVE: (0, 'green')>: 1}"
Non-Dominated,"{'TWDH': 3, 'Minimal': 5}","[-6.0, -20.0, -14.0, 468.0, 187.0785114911126]","{<RobotState.DEFECTIVE: (2, 'purple')>: 6, <RobotState.ACTIVE: (0, 'green')>: 2}"
Non-Dominated,{'Dragon': 10},"[-20.0, -20.0, -30.0, 514.0, 54.27808959606491]","{<RobotState.DEFECTIVE: (2, 'purple')>: 6, <RobotState.ACTIVE: (0, 'green')>: 4}"
Non-Dominated,"{'Dragon': 3, 'TWSH': 2, 'QWSH': 1, 'Minimal': 1}","[-17.0, -13.0, -19.0, 456.0, 102.18515377930663]","{<RobotState.DEFECTIVE: (2, 'purple')>: 5, <RobotState.ACTIVE: (0, 'green')>: 2}"
Non-Dominated,"{'TWDH': 6, 'Dragon': 1, 'Minimal': 1}","[-14.0, -33.0, -22.0, 700.0, 96.54075625056542]","{<RobotState.DEFECTIVE: (2, 'purple')>: 6, <RobotState.ACTIVE: (0, 'green')>: 2}"
Non-Dominated,"{'TWDH': 3, 'QWDH': 1, 'Minimal': 1, 'Dragon': 1}","[-12.0, -23.0, -16.0, 491.0, 309.73026156353103]","{<RobotState.DEFECTIVE: (2, 'purple')>: 5, <RobotState.ACTIVE: (0, 'green')>: 1}"
Non-Dominated,"{'TWDH': 2, 'Minimal': 4, 'Dragon': 1}","[-6.0, -16.0, -13.0, 361.0, 150.73343484991076]","{<RobotState.DEFECTIVE: (2, 'purple')>: 6, <RobotState.ACTIVE: (0, 'green')>: 1}"
Non-Dominated,"{'Minimal': 2, 'TWDH': 2, 'TWSH': 1}","[-7.0, -14.0, -11.0, 408.0, 48.601470508735446]","{<RobotState.DEFECTIVE: (2, 'purple')>: 3, <RobotState.ACTIVE: (0, 'green')>: 2}"
Non-Dominated,"{'Dragon': 4, 'Minimal': 1}","[-8.0, -9.0, -13.0, 226.0, 25.0]","{<RobotState.ACTIVE: (0, 'green')>: 2, <RobotState.DEFECTIVE: (2, 'purple')>: 3}"
Non-Dominated,"{'Minimal': 3, 'QWSH': 2}","[-10.0, -7.0, -9.0, 279.0, 18.605551275463988]","{<RobotState.ACTIVE: (0, 'green')>: 3, <RobotState.DEFECTIVE: (2, 'purple')>: 2}"
Non-Dominated,"{'TWDH': 4, 'Minimal': 2, 'Dragon': 1}","[-10.0, -24.0, -17.0, 469.0, 354.0684313441268]","{<RobotState.DEFECTIVE: (2, 'purple')>: 5, <RobotState.ACTIVE: (0, 'green')>: 2}"
Non-Dominated,"{'QWSH': 1, 'Minimal': 1, 'Dragon': 2, 'TWSH': 2}","[-15.0, -11.0, -16.0, 445.0, 25.30967444123481]","{<RobotState.DEFECTIVE: (2, 'purple')>: 2, <RobotState.ACTIVE: (0, 'green')>: 4}"
Non-Dominated,"{'Dragon': 4, 'QWSH': 3, 'TWDH': 1}","[-25.0, -19.0, -24.0, 647.0, 186.81450166797035]","{<RobotState.DEFECTIVE: (2, 'purple')>: 6, <RobotState.ACTIVE: (0, 'green')>: 2}"
Non-Dominated,"{'Minimal': 2, 'Dragon': 1, 'TWDH': 2}","[-6.0, -14.0, -11.0, 321.0, 37.20294101747089]","{<RobotState.DEFECTIVE: (2, 'purple')>: 4, <RobotState.ACTIVE: (0, 'green')>: 1}"
Non-Dominated,"{'Dragon': 1, 'Minimal': 2, 'QWSH': 2}","[-12.0, -8.0, -11.0, 326.0, 44.27400882933637]","{<RobotState.DEFECTIVE: (2, 'purple')>: 4, <RobotState.ACTIVE: (0, 'green')>: 1}"
Non-Dominated,"{'Dragon': 8, 'TWSH': 1, 'QWDH': 1}","[-23.0, -23.0, -30.0, 639.0, 193.67644681096797]","{<RobotState.ACTIVE: (0, 'green')>: 2, <RobotState.DEFECTIVE: (2, 'purple')>: 8}"
Non-Dominated,"{'TWDH': 4, 'Dragon': 1, 'QWDH': 1}","[-14.0, -27.0, -18.0, 582.0, 379.31394483410213]","{<RobotState.DEFECTIVE: (2, 'purple')>: 5, <RobotState.ACTIVE: (0, 'green')>: 1}"
Non-Dominated,"{'TWDH': 5, 'Minimal': 3}","[-10.0, -28.0, -18.0, 570.0, 200.31711812048198]","{<RobotState.DEFECTIVE: (2, 'purple')>: 4, <RobotState.ACTIVE: (0, 'green')>: 4}"
Non-Dominated,"{'Dragon': 1, 'Minimal': 3, 'QWSH': 1}","[-7.0, -7.0, -9.0, 211.0, 54.27400882933637]","{<RobotState.DEFECTIVE: (2, 'purple')>: 4, <RobotState.ACTIVE: (0, 'green')>: 1}"
Non-Dominated,"{'TWDH': 4, 'Minimal': 2, 'Dragon': 1}","[-10.0, -24.0, -17.0, 489.0, 279.35287486795033]","{<RobotState.DEFECTIVE: (2, 'purple')>: 4, <RobotState.ACTIVE: (0, 'green')>: 3}"
Non-Dominated,"{'Dragon': 4, 'TWDH': 4, 'Minimal': 1}","[-16.0, -29.0, -25.0, 666.0, 245.1358728315424]","{<RobotState.DEFECTIVE: (2, 'purple')>: 8, <RobotState.ACTIVE: (0, 'green')>: 1}"
Non-Dominated,"{'Dragon': 7, 'Minimal': 2}","[-14.0, -16.0, -23.0, 400.0, 137.59511658097693]","{<RobotState.DEFECTIVE: (2, 'purple')>: 8, <RobotState.ACTIVE: (0, 'green')>: 1}"
Non-Dominated,"{'Dragon': 6, 'QWSH': 2, 'Minimal': 1}","[-22.0, -17.0, -25.0, 529.0, 200.96533300402027]","{<RobotState.DEFECTIVE: (2, 'purple')>: 8, <RobotState.ACTIVE: (0, 'green')>: 1}"
Non-Dominated,"{'Dragon': 2, 'TWDH': 5, 'Minimal': 1}","[-14.0, -30.0, -22.0, 707.0, 75.52287787683125]","{<RobotState.DEFECTIVE: (2, 'purple')>: 6, <RobotState.ACTIVE: (0, 'green')>: 2}"
Non-Dominated,"{'Dragon': 4, 'QWSH': 2, 'Minimal': 2}","[-18.0, -14.0, -20.0, 499.0, 118.98230389740566]","{<RobotState.DEFECTIVE: (2, 'purple')>: 5, <RobotState.ACTIVE: (0, 'green')>: 3}"
Non-Dominated,"{'Minimal': 2, 'Dragon': 2, 'QWSH': 1}","[-9.0, -8.0, -11.0, 255.0, 5.0]","{<RobotState.ACTIVE: (0, 'green')>: 4, <RobotState.DEFECTIVE: (2, 'purple')>: 1}"
Non-Dominated,"{'QWDH': 3, 'TWDH': 1, 'Minimal': 1}","[-14.0, -21.0, -13.0, 517.0, 186.56625057990829]","{<RobotState.DEFECTIVE: (2, 'purple')>: 4, <RobotState.ACTIVE: (0, 'green')>: 1}"
Non-Dominated,"{'Dragon': 7, 'TWDH': 1, 'Minimal': 1, 'QWSH': 1}","[-21.0, -22.0, -28.0, 592.0, 71.16409476419368]","{<RobotState.DEFECTIVE: (2, 'purple')>: 8, <RobotState.ACTIVE: (0, 'green')>: 2}"
Non-Dominated,"{'Dragon': 4, 'QWSH': 1, 'TWDH': 1, 'QWDH': 1, 'Minimal': 1}","[-19.0, -21.0, -22.0, 589.0, 85.16001399746513]","{<RobotState.ACTIVE: (0, 'green')>: 4, <RobotState.DEFECTIVE: (2, 'purple')>: 4}"
Non-Dominated,"{'Minimal': 1, 'QWSH': 1, 'TWSH': 2, 'QWDH': 1}","[-15.0, -12.0, -13.0, 450.0, 64.40588203494178]","{<RobotState.DEFECTIVE: (2, 'purple')>: 4, <RobotState.ACTIVE: (0, 'green')>: 1}"
Non-Dominated,"{'Dragon': 10, 'Minimal': 1}","[-20.0, -21.0, -31.0, 555.0, 92.1994969641607]","{<RobotState.DEFECTIVE: (2, 'purple')>: 10, <RobotState.ACTIVE: (0, 'green')>: 1}"
Non-Dominated,"{'Dragon': 7, 'TWDH': 2, 'Minimal': 1}","[-18.0, -25.0, -28.0, 622.0, 53.416407864998746]","{<RobotState.DEFECTIVE: (2, 'purple')>: 7, <RobotState.ACTIVE: (0, 'green')>: 3}"
Non-Dominated,"{'Dragon': 4, 'QWSH': 2, 'TWDH': 1, 'QWDH': 1}","[-24.0, -22.0, -24.0, 672.0, 123.93176092179125]","{<RobotState.ACTIVE: (0, 'green')>: 3, <RobotState.DEFECTIVE: (2, 'purple')>: 5}"
Non-Dominated,"{'Minimal': 1, 'Dragon': 2, 'QWSH': 1, 'TWDH': 1}","[-11.0, -12.0, -13.0, 323.0, 5.0]","{<RobotState.ACTIVE: (0, 'green')>: 4, <RobotState.DEFECTIVE: (2, 'purple')>: 1}"
Non-Dominated,"{'QWSH': 4, 'TWSH': 1, 'QWDH': 1}","[-27.0, -15.0, -18.0, 669.0, 105.45181006496577]","{<RobotState.DEFECTIVE: (2, 'purple')>: 5, <RobotState.ACTIVE: (0, 'green')>: 1}"
Non-Dominated,"{'TWDH': 2, 'Dragon': 1, 'QWDH': 2, 'TWSH': 1}","[-17.0, -24.0, -18.0, 583.0, 252.70512178168954]","{<RobotState.DEFECTIVE: (2, 'purple')>: 4, <RobotState.ACTIVE: (0, 'green')>: 2}"
Non-Dominated,"{'Minimal': 2, 'TWDH': 2, 'QWDH': 1}","[-8.0, -17.0, -11.0, 439.0, 38.601470508735446]","{<RobotState.DEFECTIVE: (2, 'purple')>: 3, <RobotState.ACTIVE: (0, 'green')>: 2}"
Non-Dominated,"{'TWDH': 5, 'Dragon': 2, 'Minimal': 2}","[-14.0, -31.0, -23.0, 701.0, 158.2887976972617]","{<RobotState.DEFECTIVE: (2, 'purple')>: 7, <RobotState.ACTIVE: (0, 'green')>: 2}"
Non-Dominated,"{'QWSH': 4, 'TWSH': 1, 'QWDH': 1}","[-27.0, -15.0, -18.0, 687.0, 95.45181006496577]","{<RobotState.DEFECTIVE: (2, 'purple')>: 5, <RobotState.ACTIVE: (0, 'green')>: 1}"
Non-Dominated,"{'Minimal': 1, 'Dragon': 3, 'TWDH': 1}","[-8.0, -12.0, -13.0, 264.0, 15.0]","{<RobotState.ACTIVE: (0, 'green')>: 3, <RobotState.DEFECTIVE: (2, 'purple')>: 2}"
Non-Dominated,"{'QWDH': 4, 'TWSH': 1, 'QWSH': 1}","[-24.0, -24.0, -18.0, 740.0, 159.23143635683198]","{<RobotState.DEFECTIVE: (2, 'purple')>: 5, <RobotState.ACTIVE: (0, 'green')>: 1}"
Non-Dominated,"{'TWDH': 3, 'Dragon': 1, 'QWDH': 1, 'Minimal': 1}","[-12.0, -23.0, -16.0, 487.0, 326.93320258100186]","{<RobotState.DEFECTIVE: (2, 'purple')>: 5, <RobotState.ACTIVE: (0, 'green')>: 1}"
Non-Dominated,"{'Dragon': 1, 'Minimal': 2, 'QWSH': 2}","[-12.0, -8.0, -11.0, 290.0, 96.78662428804208]","{<RobotState.DEFECTIVE: (2, 'purple')>: 4, <RobotState.ACTIVE: (0, 'green')>: 1}"
Non-Dominated,"{'Minimal': 3, 'Dragon': 1, 'TWDH': 1}","[-4.0, -10.0, -9.0, 221.0, 0.0]","{<RobotState.ACTIVE: (0, 'green')>: 5}"
Non-Dominated,"{'TWDH': 3, 'Dragon': 1, 'QWDH': 2, 'QWSH': 1}","[-21.0, -29.0, -21.0, 743.0, 142.39109580679576]","{<RobotState.DEFECTIVE: (2, 'purple')>: 5, <RobotState.ACTIVE: (0, 'green')>: 2}"
Non-Dominated,"{'TWDH': 3, 'Minimal': 4}","[-6.0, -19.0, -13.0, 419.0, 270.0326745966585]","{<RobotState.DEFECTIVE: (2, 'purple')>: 4, <RobotState.ACTIVE: (0, 'green')>: 3}"
Non-Dominated,"{'Minimal': 2, 'QWDH': 3}","[-12.0, -17.0, -11.0, 463.0, 36.21320343559643]","{<RobotState.ACTIVE: (0, 'green')>: 2, <RobotState.DEFECTIVE: (2, 'purple')>: 3}"
Non-Dominated,"{'Dragon': 2, 'Minimal': 2, 'TWDH': 1}","[-6.0, -11.0, -11.0, 222.0, 40.0]","{<RobotState.ACTIVE: (0, 'green')>: 2, <RobotState.DEFECTIVE: (2, 'purple')>: 3}"
K-means,"{'Dragon': 10, 'Minimal': 1}","[-20.0, -21.0, -31.0, 555.0, 92.1994969641607]","{<RobotState.DEFECTIVE: (2, 'purple')>: 10, <RobotState.ACTIVE: (0, 'green')>: 1}"
K-means,"{'Minimal': 4, 'TWDH': 1}","[-2.0, -9.0, -7.0, 188.0, 23.601470508735446]","{<RobotState.ACTIVE: (0, 'green')>: 3, <RobotState.DEFECTIVE: (2, 'purple')>: 2}"
K-means,"{'TWDH': 6, 'Minimal': 2}","[-12.0, -32.0, -20.0, 667.0, 211.38818593234743]","{<RobotState.DEFECTIVE: (2, 'purple')>: 5, <RobotState.ACTIVE: (0, 'green')>: 3}"
K-means,"{'TWDH': 3, 'Dragon': 1, 'QWDH': 1, 'Minimal': 1}","[-12.0, -23.0, -16.0, 487.0, 326.93320258100186]","{<RobotState.DEFECTIVE: (2, 'purple')>: 5, <RobotState.ACTIVE: (0, 'green')>: 1}"
K-means,"{'TWDH': 6, 'Minimal': 1}","[-12.0, -31.0, -19.0, 638.0, 91.54075625056542]","{<RobotState.DEFECTIVE: (2, 'purple')>: 5, <RobotState.ACTIVE: (0, 'green')>: 2}"
K-means,"{'TWDH': 3, 'Minimal': 4}","[-6.0, -19.0, -13.0, 429.0, 140.73343484991076]","{<RobotState.DEFECTIVE: (2, 'purple')>: 5, <RobotState.ACTIVE: (0, 'green')>: 2}"
K-means,"{'Dragon': 6, 'QWSH': 2, 'Minimal': 1}","[-22.0, -17.0, -25.0, 529.0, 200.96533300402027]","{<RobotState.DEFECTIVE: (2, 'purple')>: 8, <RobotState.ACTIVE: (0, 'green')>: 1}"
K-means,"{'Minimal': 3, 'TWDH': 1, 'QWDH': 1}","[-6.0, -13.0, -9.0, 300.0, 23.601470508735446]","{<RobotState.ACTIVE: (0, 'green')>: 3, <RobotState.DEFECTIVE: (2, 'purple')>: 2}"
K-means,"{'QWDH': 5, 'TWDH': 1}","[-22.0, -30.0, -18.0, 731.0, 109.34507664120184]","{<RobotState.DEFECTIVE: (2, 'purple')>: 5, <RobotState.ACTIVE: (0, 'green')>: 1}"
K-means,"{'QWSH': 3, 'Minimal': 3}","[-15.0, -9.0, -12.0, 427.0, 41.70820393249937]","{<RobotState.DEFECTIVE: (2, 'purple')>: 3, <RobotState.ACTIVE: (0, 'green')>: 3}"
